PassengerId,Pclass,Name,Sex,Age,SibSp,Parch,Ticket,Fare,Cabin,Embarked,Survived
693,3,365,1,28.5,0,0,65,56.4958,124,2,1
482,2,212,1,28.5,0,0,114,0.0,124,2,0
528,1,195,1,28.5,0,0,487,221.7792,75,2,0
856,3,5,0,18.0,0,1,398,9.35,124,2,1
802,2,138,0,31.0,1,1,465,26.25,124,2,1
653,3,338,1,21.0,0,0,423,8.4333,124,2,0
510,3,367,1,26.0,0,0,65,56.4958,124,2,1
558,1,560,1,28.5,0,0,512,227.525,124,0,0
829,3,418,1,28.5,0,0,369,7.75,124,1,1
19,3,673,0,31.0,1,0,258,18.0,124,2,0
648,1,604,1,56.0,0,0,55,35.5,7,0,1
403,3,336,0,21.0,1,0,405,9.825,124,2,0
847,3,585,1,28.5,8,2,476,69.55,124,2,0
468,1,619,1,56.0,0,0,35,26.55,124,2,0
52,3,474,1,21.0,0,0,432,7.8,124,2,0
413,1,433,0,33.0,1,0,77,90.0,66,1,1
422,3,121,1,21.0,0,0,444,7.7333,124,1,0
251,3,542,1,28.5,0,0,357,7.25,124,2,0
819,3,297,1,43.0,0,0,452,6.45,124,2,0
410,3,375,0,28.5,3,1,401,25.4667,124,2,0
254,3,392,1,30.0,1,0,446,16.1,124,2,0
219,1,55,0,32.0,0,0,50,76.2917,80,0,1
257,1,654,0,28.5,0,0,493,79.2,124,0,1
227,2,428,1,19.0,0,0,562,10.5,124,2,1
295,3,434,1,24.0,0,0,314,7.8958,124,2,0
707,2,348,0,45.0,0,0,91,13.5,124,2,1
754,3,333,1,23.0,0,0,296,7.8958,124,2,0
198,3,488,1,42.0,0,1,407,8.4042,124,2,0
836,1,139,0,39.0,1,1,511,83.1583,110,0,1
221,3,641,1,16.0,0,0,547,8.05,124,2,1
740,3,457,1,28.5,0,0,305,7.8958,124,2,0
34,2,686,1,66.0,0,0,458,10.5,124,2,0
431,1,73,1,28.0,0,0,3,26.55,59,2,1
151,2,51,1,51.0,0,0,524,12.525,124,2,0
587,2,316,1,47.0,0,0,108,15.0,124,2,0
205,3,131,1,18.0,0,0,440,8.05,124,2,1
345,2,207,1,36.0,0,0,95,13.0,124,2,0
748,2,605,0,30.0,0,0,140,13.0,124,2,1
324,2,102,0,22.0,1,1,134,29.0,124,2,1
265,3,282,0,28.5,0,0,393,7.75,124,1,0
135,2,625,1,25.0,0,0,461,13.0,124,2,0
833,3,578,1,28.5,0,0,171,7.2292,124,0,0
191,2,535,0,32.0,0,0,103,13.0,124,2,1
108,3,446,1,28.5,0,0,220,7.775,124,2,1
193,3,13,0,19.0,1,0,341,7.8542,124,2,1
450,1,533,1,52.0,0,0,33,30.5,42,2,1
97,1,232,1,71.0,0,0,509,34.6542,12,0,0
383,3,655,1,32.0,0,0,557,7.925,124,2,0
716,3,626,1,19.0,0,0,293,7.65,120,2,0
365,3,479,1,28.5,1,0,382,15.5,124,1,0
475,3,637,0,22.0,0,0,420,9.8375,124,2,0
435,1,601,1,50.0,1,0,58,55.9,108,2,0
64,3,612,1,4.0,3,2,286,27.9,124,2,0
764,1,113,0,36.0,1,2,27,120.0,41,2,1
749,1,413,1,19.0,1,0,29,53.1,86,2,0
843,1,595,0,30.0,0,0,37,31.0,124,0,1
644,3,201,1,28.5,0,0,65,56.4958,124,2,1
366,3,4,1,30.0,0,0,453,7.25,124,2,0
495,3,634,1,21.0,0,0,428,8.05,124,2,0
309,2,2,1,30.0,1,0,480,24.0,124,0,0
652,2,171,0,18.0,0,1,100,23.0,124,2,1
303,3,329,1,19.0,0,0,479,0.0,124,2,0
717,1,191,0,38.0,0,0,512,227.525,55,0,1
820,3,613,1,10.0,3,2,286,27.9,124,2,0
733,2,359,1,28.5,0,0,115,0.0,124,2,0
252,3,640,0,29.0,1,1,269,10.4625,124,2,0
155,3,489,1,28.5,0,0,478,7.3125,124,2,0
404,3,253,1,28.0,1,0,559,15.85,124,2,0
611,3,21,0,39.0,1,5,282,31.275,124,2,0
206,3,639,0,2.0,0,1,269,10.4625,124,2,0
220,2,267,1,30.0,0,0,568,10.5,124,2,0
694,3,579,1,25.0,0,0,172,7.225,124,0,0
687,3,507,1,14.0,4,1,215,39.6875,124,2,0
384,1,299,0,35.0,1,0,34,52.0,124,2,1
551,1,651,1,17.0,0,2,68,110.8833,65,0,1
469,3,593,1,28.5,0,0,356,7.725,124,1,0
655,3,278,0,18.0,0,0,366,6.75,124,1,0
650,3,633,0,23.0,0,0,475,7.55,124,2,1
483,3,572,1,50.0,0,0,441,8.05,124,2,0
743,1,577,0,21.0,2,2,505,262.375,31,0,1
196,1,400,0,58.0,0,0,490,146.5208,37,0,1
44,2,368,0,3.0,1,2,533,41.5792,124,0,1
447,2,426,0,13.0,0,1,137,19.5,124,2,1
627,2,356,1,57.0,0,0,87,12.35,124,1,0
792,2,219,1,16.0,0,0,117,26.0,124,2,0
33,3,229,0,28.5,0,0,249,7.75,124,1,1
685,2,90,1,60.0,1,1,206,39.0,124,2,0
374,1,557,1,22.0,0,0,515,135.6333,124,0,0
419,2,415,1,30.0,0,0,191,13.0,124,2,0
845,3,148,1,17.0,0,0,228,8.6625,124,2,0
795,3,159,1,25.0,0,0,295,7.8958,124,2,0
822,3,398,1,27.0,0,0,233,8.6625,124,2,1
180,3,381,1,36.0,0,0,479,0.0,124,2,0
416,3,425,0,28.5,0,0,254,8.05,124,2,0
368,3,448,0,28.5,0,0,148,7.2292,124,0,1
714,3,370,1,29.0,0,0,418,9.4833,124,2,0
538,1,372,0,30.0,0,0,516,106.425,124,0,1
78,3,449,1,28.5,0,0,390,8.05,124,2,0
156,1,696,1,51.0,0,1,498,61.3792,124,0,0
157,3,227,0,16.0,0,0,353,7.7333,124,1,1
369,3,321,0,28.5,0,0,63,7.75,124,1,1
382,3,455,0,1.0,0,2,159,15.7417,124,0,1
396,3,323,1,22.0,0,0,345,7.7958,124,2,0
129,3,526,0,28.5,1,1,168,22.3583,118,0,1
279,3,549,1,7.0,4,1,395,29.125,124,1,0
299,1,580,1,28.5,0,0,82,30.5,43,2,1
215,3,351,1,28.5,1,0,370,7.75,124,1,0
810,1,118,0,33.0,1,0,40,53.1,117,2,1
51,3,505,1,7.0,4,1,215,39.6875,124,2,0
891,3,173,1,32.0,0,0,387,7.75,124,1,0
724,2,294,1,50.0,0,0,136,13.0,124,2,0
233,2,611,1,59.0,0,0,107,13.5,124,2,0
35,1,431,1,28.0,1,0,503,82.1708,124,0,0
46,3,564,1,28.5,0,0,519,8.05,124,2,0
695,1,681,1,60.0,0,0,38,26.55,124,2,0
115,3,33,0,17.0,0,0,149,14.4583,124,0,0
123,2,458,1,32.5,1,0,111,30.0708,124,0,0
628,1,395,0,21.0,0,0,57,77.9583,95,2,1
262,3,29,1,3.0,4,2,279,31.3875,124,2,1
239,2,521,1,19.0,0,0,197,10.5,124,2,0
438,2,555,0,24.0,2,3,203,18.75,124,2,1
586,1,647,0,18.0,0,2,1,79.65,115,2,1
797,1,373,0,49.0,0,0,72,25.9292,81,2,1
255,3,569,0,41.0,0,2,381,20.2125,124,2,0
287,3,707,1,30.0,0,0,263,9.5,124,2,1
95,3,145,1,59.0,0,0,361,7.25,124,2,0
692,3,342,0,4.0,0,1,331,13.4167,124,0,1
141,3,79,0,28.5,0,2,174,15.2458,124,0,0
407,3,691,1,51.0,0,0,274,7.75,124,2,0
441,2,272,0,45.0,1,1,477,26.25,124,2,1
425,3,568,1,18.0,1,1,381,20.2125,124,2,0
793,3,584,0,28.5,8,2,476,69.55,124,2,0
613,3,452,0,28.5,1,0,371,15.5,124,1,1
849,2,265,1,28.0,0,1,131,33.0,124,2,0
153,3,429,1,55.5,0,0,426,8.05,124,2,0
119,1,53,1,24.0,0,1,489,247.5208,32,0,0
634,1,510,1,28.5,0,0,12,0.0,124,2,0
348,3,162,0,28.5,1,0,397,16.1,124,2,1
784,3,332,1,28.5,1,2,565,23.45,124,2,0
160,3,582,1,28.5,8,2,476,69.55,124,2,0
134,2,682,0,29.0,1,0,94,26.0,124,2,1
269,1,242,0,58.0,0,1,492,153.4625,48,2,1
3,3,279,0,26.0,0,0,560,7.925,124,2,1
524,1,290,0,44.0,0,1,6,57.9792,16,0,1
599,3,78,1,28.5,0,0,164,7.225,124,0,0
770,3,245,1,32.0,0,0,422,8.3625,124,2,0
620,2,220,1,26.0,0,0,219,10.5,124,2,0
575,3,574,1,16.0,0,0,430,8.05,124,2,0
380,3,250,1,19.0,0,0,276,7.775,124,2,0
657,3,540,1,28.5,0,0,308,7.8958,124,2,0
772,3,319,1,48.0,0,0,342,7.8542,124,2,0
261,3,624,1,28.5,0,0,396,7.75,124,1,0
481,3,236,1,9.0,5,2,474,46.9,124,2,0
231,1,268,0,35.0,1,0,380,83.475,68,2,1
126,3,469,1,12.0,1,0,158,11.2417,124,0,1
397,3,490,0,31.0,0,0,349,7.8542,124,2,0
867,2,183,0,27.0,1,0,531,13.8583,124,0,1
780,1,561,0,43.0,0,1,119,211.3375,20,2,1
768,3,408,0,30.5,0,0,365,7.75,124,1,0
462,3,445,1,34.0,0,0,362,8.05,124,2,0
467,2,105,1,28.5,0,0,113,0.0,124,2,0
735,2,658,1,23.0,0,0,102,13.0,124,2,0
395,3,591,0,24.0,0,2,518,16.7,124,2,1
706,2,444,1,39.0,0,0,144,26.0,124,2,0
346,2,89,0,24.0,0,0,133,13.0,122,2,1
553,3,480,1,28.5,0,0,246,7.8292,124,1,0
470,3,38,0,0.75,2,1,166,19.2583,124,0,1
723,2,226,1,34.0,0,0,52,13.0,124,2,0
351,3,485,1,23.0,0,0,415,9.225,124,2,0
433,2,396,0,42.0,1,0,527,26.0,124,2,1
6,3,442,1,28.5,0,0,239,8.4583,124,1,0
589,3,225,1,22.0,0,0,64,8.05,124,2,0
79,2,101,1,0.83,0,2,134,29.0,124,2,1
236,3,260,0,28.5,0,0,567,7.55,124,2,0
696,2,119,1,52.0,0,0,132,13.5,124,2,0
722,3,320,1,17.0,1,0,343,7.0542,124,2,0
454,1,230,1,49.0,1,0,69,89.1042,73,0,1
415,3,642,1,44.0,0,0,548,7.925,124,2,1
752,3,438,1,6.0,0,1,400,12.475,99,2,1
546,1,468,1,64.0,0,0,413,26.0,124,2,0
808,3,532,0,18.0,0,0,285,7.775,124,2,0
576,3,514,1,19.0,0,0,355,14.5,124,2,0
94,3,164,1,26.0,1,2,457,20.575,124,2,0
315,2,271,1,43.0,1,1,477,26.25,124,2,0
518,3,575,1,28.5,0,0,389,24.15,124,1,0
817,3,280,0,23.0,0,0,561,7.925,124,2,0
267,3,506,1,16.0,4,1,215,39.6875,124,2,0
541,1,147,0,36.0,0,2,569,71.0,19,2,1
357,1,83,0,22.0,0,1,25,55.0,103,2,1
878,3,530,1,19.0,0,0,301,7.8958,124,2,0
359,3,423,0,28.5,0,0,242,7.8792,124,1,1
874,3,672,1,47.0,0,0,259,9.0,124,2,0
162,2,679,0,40.0,0,0,468,15.75,124,2,1
114,3,335,0,20.0,1,0,404,9.825,124,2,0
519,2,24,0,36.0,1,0,93,26.0,124,2,1
176,3,358,1,18.0,1,1,347,7.8542,124,2,0
758,2,42,1,18.0,0,0,204,11.5,124,2,0
75,3,69,1,32.0,0,0,65,56.4958,124,2,1
131,3,178,1,33.0,0,0,318,7.8958,124,0,0
605,1,300,1,35.0,0,0,8,26.55,124,0,1
439,1,206,1,64.0,1,4,79,263.0,53,2,0
263,1,648,1,52.0,1,1,1,79.65,114,2,0
859,3,40,0,24.0,0,3,166,19.2583,124,0,1
327,3,478,1,61.0,0,0,257,6.2375,124,2,0
235,2,385,1,24.0,0,0,463,10.5,124,2,0
669,3,142,1,43.0,0,0,439,8.05,124,2,0
517,2,379,0,34.0,0,0,469,10.5,122,2,1
484,3,663,0,63.0,0,0,402,9.5875,124,2,1
642,1,587,0,24.0,0,0,485,69.3,22,0,1
2,1,149,0,38.0,1,0,499,71.2833,69,0,1
492,3,699,1,21.0,0,0,544,7.25,124,2,0
857,1,690,0,45.0,1,1,378,164.8667,124,2,1
87,3,204,1,16.0,1,3,566,34.375,124,2,0
665,3,390,1,20.0,1,0,552,7.925,124,2,1
182,2,523,1,28.5,0,0,528,15.05,124,0,0
639,3,508,0,41.0,0,5,215,39.6875,124,2,0
214,2,228,1,30.0,0,0,138,13.0,124,2,0
91,3,125,1,29.0,0,0,256,8.05,124,2,0
375,3,501,0,3.0,3,1,333,21.075,124,2,0
194,2,461,1,3.0,1,1,96,26.0,121,2,1
250,2,114,1,54.0,1,0,121,26.0,124,2,0
393,3,249,1,28.0,2,0,212,7.925,124,2,0
664,3,132,1,36.0,0,0,300,7.4958,124,2,0
461,1,14,1,48.0,0,0,80,26.55,98,2,1
798,3,495,0,31.0,0,0,321,8.6833,124,2,1
871,3,43,1,26.0,0,0,325,7.8958,124,2,0
177,3,374,1,28.5,3,1,401,25.4667,124,2,0
804,3,653,1,0.42,0,1,147,8.5167,124,0,1
247,3,387,0,25.0,0,0,277,7.775,124,2,0
476,1,129,1,28.5,0,0,2,52.0,1,2,0
472,3,98,1,38.0,0,0,227,8.6625,124,2,0
122,3,439,1,28.5,0,0,449,8.05,124,2,0
710,3,447,1,28.5,1,1,161,15.2458,124,0,1
353,3,187,1,15.0,1,1,181,7.2292,124,0,0
21,2,216,1,35.0,0,0,117,26.0,124,2,0
668,3,566,1,28.5,0,0,222,7.775,124,2,0
140,1,223,1,24.0,0,0,495,79.2,39,0,0
584,1,570,1,36.0,0,0,54,40.125,0,0,0
555,3,486,0,22.0,0,0,284,7.775,124,2,1
661,1,209,1,50.0,2,0,508,133.65,124,2,1
614,3,302,1,28.5,0,0,388,7.75,124,1,0
204,3,704,1,45.5,0,0,150,7.225,124,0,0
720,3,328,1,33.0,0,0,272,7.775,124,2,0
647,3,143,1,19.0,0,0,313,7.8958,124,2,0
229,2,193,1,18.0,0,0,105,13.0,124,2,0
209,3,109,0,16.0,0,0,372,7.75,124,1,1
741,1,274,1,28.5,0,0,67,30.0,90,2,1
840,1,410,1,28.5,0,0,49,29.7,57,0,1
646,1,263,1,48.0,1,0,491,76.7292,87,0,1
522,3,675,1,22.0,0,0,328,7.8958,124,2,0
783,1,394,1,29.0,0,0,23,30.0,94,2,0
169,1,52,1,28.5,0,0,481,25.925,124,2,0
333,1,241,1,38.0,0,1,492,153.4625,72,2,0
697,3,347,1,44.0,0,0,359,8.05,124,2,0
408,2,554,1,3.0,1,1,203,18.75,124,2,1
701,1,32,0,18.0,1,0,512,227.525,61,0,1
506,1,519,1,18.0,1,0,513,108.9,62,0,0
769,3,441,1,28.5,1,0,389,24.15,124,1,0
8,3,500,1,2.0,3,1,333,21.075,124,2,0
738,1,383,1,35.0,0,0,510,512.3292,14,0,1
852,3,644,1,74.0,0,0,270,7.775,124,2,0
674,2,694,1,31.0,0,0,122,13.0,124,2,1
736,3,698,1,28.5,0,0,408,16.1,124,2,0
175,1,622,1,56.0,0,0,75,30.6958,13,0,0
705,3,257,1,26.0,1,0,336,7.8542,124,2,0
570,3,334,1,32.0,0,0,350,7.8542,124,2,1
37,3,407,1,28.5,0,0,173,7.2292,124,0,1
210,1,75,1,40.0,0,0,16,31.0,8,0,1
682,1,273,1,27.0,0,0,491,76.7292,92,0,1
719,3,421,1,28.5,0,0,367,15.5,124,1,0
109,3,544,1,38.0,0,0,326,7.8958,124,2,0
165,3,504,1,1.0,4,1,215,39.6875,124,2,0
675,2,678,1,28.5,0,0,116,0.0,124,2,0
389,3,581,1,28.5,0,0,374,7.7292,124,1,0
756,2,255,1,0.67,1,1,141,14.5,124,2,1
47,3,380,1,28.5,1,0,384,15.5,124,1,0
480,3,291,0,2.0,0,1,217,12.2875,124,2,1
678,3,662,0,18.0,0,0,406,9.8417,124,2,1
766,1,295,0,51.0,1,0,57,77.9583,79,2,1
362,2,709,1,29.0,1,0,532,27.7208,124,0,0
598,3,327,1,49.0,0,0,479,0.0,124,2,0
771,3,386,1,24.0,0,0,266,9.5,124,2,0
329,3,234,0,31.0,1,1,358,20.525,124,2,1
277,3,388,0,45.0,0,0,278,7.75,124,2,0
637,3,377,1,32.0,0,0,556,7.925,124,2,0
703,3,46,0,18.0,0,1,180,14.4542,124,0,0
855,2,112,0,44.0,1,0,121,26.0,124,2,0
872,1,62,0,47.0,1,1,42,52.5542,88,2,1
149,2,462,1,36.5,0,2,96,26.0,121,2,0
179,2,254,1,30.0,0,0,143,13.0,124,2,0
718,2,660,0,27.0,0,0,253,10.5,97,2,1
82,3,597,1,29.0,0,0,265,9.5,124,2,1
494,1,26,1,71.0,0,0,506,49.5042,124,0,0
821,1,276,0,52.0,1,1,53,93.5,33,2,1
679,3,239,0,43.0,1,6,474,46.9,124,2,0
288,3,453,1,22.0,0,0,297,7.8958,124,2,0
331,3,419,0,28.5,2,0,368,23.25,124,1,1
167,1,123,0,28.5,0,1,25,55.0,103,2,1
629,3,76,1,26.0,0,0,309,7.8958,124,2,0
730,3,309,0,25.0,1,0,558,7.925,124,2,0
816,1,213,1,28.5,0,0,14,0.0,15,2,0
319,1,689,0,31.0,0,2,378,164.8667,64,2,1
339,3,151,1,45.0,0,0,421,8.05,124,2,1
321,3,166,1,22.0,0,0,434,7.25,124,2,0
53,1,264,0,49.0,1,0,491,76.7292,87,0,1
609,2,369,0,22.0,1,2,533,41.5792,124,0,1
185,3,355,0,4.0,0,2,235,22.025,124,2,1
256,3,657,0,29.0,0,2,157,15.2458,124,0,1
801,2,537,1,34.0,0,0,139,13.0,124,2,0
863,1,646,0,48.0,0,0,73,25.9292,81,2,1
42,2,665,0,27.0,1,0,41,21.0,124,2,0
514,1,571,0,54.0,1,0,502,59.4,124,0,1
548,2,498,1,28.5,0,0,530,13.8625,124,0,1
547,2,57,0,19.0,1,0,199,26.0,124,2,1
152,1,517,0,22.0,1,0,30,66.6,51,2,1
332,1,512,1,45.5,0,0,19,28.5,47,2,0
65,1,636,1,28.5,0,0,504,27.7208,124,0,0
834,3,34,1,23.0,0,0,288,7.8542,124,2,0
489,3,627,1,30.0,0,0,427,8.05,124,2,0
532,3,656,1,28.5,0,0,154,7.2292,124,0,0
406,2,217,1,34.0,1,0,196,21.0,124,2,0
745,3,638,1,31.0,0,0,554,7.925,124,2,1
202,3,586,1,28.5,8,2,476,69.55,124,2,0
361,3,615,1,40.0,1,4,286,27.9,124,2,0
48,3,482,0,28.5,0,0,61,7.75,124,1,1
71,2,317,1,32.0,0,0,466,10.5,124,2,0
683,3,492,1,20.0,0,0,412,9.225,124,2,0
378,1,692,1,27.0,0,2,24,211.5,67,0,0
124,2,680,0,32.5,0,0,186,13.0,97,2,1
195,1,91,0,44.0,0,0,507,27.7208,25,0,1
136,2,552,1,23.0,0,0,529,15.0458,124,0,0
617,3,156,1,34.0,1,1,280,14.4,124,2,0
544,2,56,1,32.0,1,0,199,26.0,124,2,1
446,1,169,1,4.0,0,2,250,81.8583,10,2,1
120,3,17,0,2.0,4,2,282,31.275,124,2,0
414,2,150,1,28.5,0,0,113,0.0,124,2,0
344,2,594,1,25.0,0,0,126,13.0,124,2,0
90,3,116,1,24.0,0,0,255,8.05,124,2,0
837,3,513,1,21.0,0,0,232,8.6625,124,2,0
440,2,361,1,31.0,0,0,456,10.5,124,2,0
318,2,443,1,54.0,0,0,198,14.0,124,2,0
86,3,37,0,33.0,3,0,213,15.85,124,2,1
734,2,66,1,23.0,0,0,194,13.0,124,2,0
146,2,467,1,19.0,1,1,467,36.75,124,2,0
281,3,180,1,65.0,0,0,251,7.75,124,1,0
491,3,252,1,28.5,1,0,411,19.9667,124,2,0
866,2,96,0,42.0,0,0,106,13.0,124,2,1
145,2,22,1,18.0,0,0,101,11.5,124,2,0
222,2,84,1,27.0,0,0,88,13.0,124,2,0
125,1,687,1,54.0,0,1,352,77.2875,85,2,0
525,3,343,1,28.5,0,0,184,7.2292,124,0,0
111,1,538,1,47.0,0,0,2,52.0,44,2,0
60,3,237,1,11.0,5,2,474,46.9,124,2,0
121,2,288,1,21.0,2,0,523,73.5,124,2,0
243,2,134,1,29.0,0,0,564,10.5,124,2,0
812,3,382,1,39.0,0,0,429,24.15,124,2,0
886,3,551,0,39.0,0,5,395,29.125,124,1,0
606,3,389,1,36.0,1,0,334,15.55,124,2,0
308,1,520,0,17.0,1,0,513,108.9,62,0,1
159,3,620,1,28.5,0,0,224,8.6625,124,2,0
543,3,19,0,11.0,4,2,282,31.275,124,2,0
133,3,562,0,47.0,1,0,447,14.5,124,2,0
285,1,623,1,28.5,0,0,21,26.0,3,2,0
26,3,31,0,38.0,1,5,279,31.3875,124,2,1
304,2,344,0,28.5,0,0,92,12.35,97,1,1
888,1,240,0,19.0,0,0,13,30.0,26,2,1
557,1,181,0,48.0,1,0,45,39.6,2,0,1
779,3,352,1,28.5,0,0,376,7.7375,124,1,0
32,1,629,0,28.5,1,0,490,146.5208,36,0,1
264,1,269,1,40.0,0,0,15,0.0,40,2,0
806,3,325,1,31.0,0,0,273,7.775,124,2,0
25,3,502,0,8.0,3,1,333,21.075,124,2,0
208,3,6,1,26.0,0,0,183,18.7875,124,0,1
656,2,286,1,24.0,2,0,523,73.5,124,2,0
61,3,606,1,22.0,0,0,169,7.2292,124,0,0
751,2,683,0,4.0,1,1,200,23.0,124,2,1
188,1,565,1,45.0,0,0,10,26.55,124,2,1
381,1,68,0,42.0,0,0,512,227.525,124,0,1
633,1,630,1,32.0,0,0,56,30.5,29,0,1
223,3,243,1,51.0,0,0,85,8.05,124,2,0
112,3,705,0,14.5,1,0,165,14.4542,124,0,0
612,3,315,1,28.5,0,0,535,7.05,124,2,0
621,3,701,1,27.0,1,0,160,14.4542,124,0,0
712,1,357,1,28.5,0,0,18,26.55,47,2,0
788,3,550,1,8.0,4,1,395,29.125,124,1,0
218,2,312,1,42.0,1,0,120,27.0,124,2,0
320,1,628,0,40.0,1,1,66,134.5,104,0,1
234,3,30,0,5.0,4,2,279,31.3875,124,2,1
607,3,340,1,30.0,0,0,323,7.8958,124,2,0
275,3,277,0,28.5,0,0,386,7.75,124,1,1
172,3,548,1,4.0,4,1,395,29.125,124,1,0
832,2,553,1,0.83,1,1,203,18.75,124,2,1
427,2,127,0,28.0,1,0,84,26.0,124,2,1
379,3,67,1,20.0,0,0,155,4.0125,124,0,0
27,3,190,1,28.5,0,0,152,7.225,124,0,0
794,1,305,1,28.5,0,0,500,30.6958,124,0,0
164,3,103,1,17.0,0,0,229,8.6625,124,2,0
585,3,515,1,28.5,0,0,252,8.7125,124,0,0
232,3,371,1,29.0,0,0,275,7.775,124,2,0
591,3,558,1,35.0,0,0,549,7.125,124,2,0
814,3,16,0,6.0,4,2,282,31.275,124,2,0
45,3,167,0,19.0,0,0,244,7.8792,124,1,1
624,3,258,1,21.0,0,0,337,7.8542,124,2,0
877,3,247,1,20.0,0,0,416,9.8458,124,2,0
536,2,270,0,7.0,0,2,477,26.25,124,2,1
401,3,472,1,39.0,0,0,555,7.925,124,2,1
74,3,126,1,26.0,1,0,175,14.4542,124,0,0
363,3,47,0,45.0,0,1,180,14.4542,124,0,0
549,3,233,1,33.0,1,1,358,20.525,124,2,0
341,2,460,1,2.0,1,1,96,26.0,121,2,1
850,1,231,0,28.5,1,0,69,89.1042,73,0,1
618,3,393,0,26.0,1,0,446,16.1,124,2,0
839,3,124,1,32.0,0,0,65,56.4958,124,2,1
270,1,72,0,35.0,0,0,515,135.6333,76,2,1
424,3,157,0,28.0,1,1,280,14.4,124,2,0
14,3,20,1,39.0,1,5,282,31.275,124,2,0
356,3,671,1,28.0,0,0,267,9.5,124,2,0
274,1,459,1,37.0,0,1,497,29.7,45,0,0
426,3,700,1,28.5,0,0,431,7.25,124,2,0
851,3,15,1,4.0,4,2,282,31.275,124,2,0
98,1,244,1,23.0,0,1,514,63.3583,78,0,1
466,3,235,1,38.0,0,0,536,7.05,124,2,0
785,3,9,1,25.0,0,0,540,7.05,124,2,0
67,2,476,0,29.0,0,0,462,10.5,122,2,1
7,1,417,1,54.0,0,0,70,51.8625,109,2,0
248,2,256,0,24.0,0,2,141,14.5,124,2,1
314,3,281,1,28.0,0,0,320,7.8958,124,2,0
534,3,527,0,28.5,0,2,168,22.3583,124,0,1
15,3,674,0,14.0,0,0,348,7.8542,124,2,0
273,2,427,0,41.0,0,1,137,19.5,124,2,1
539,3,559,1,28.5,0,0,360,14.5,124,2,0
527,2,556,0,50.0,0,0,563,10.5,124,2,1
569,3,170,1,28.5,0,0,178,7.2292,124,0,0
409,3,70,1,21.0,0,0,221,7.775,124,2,0
540,1,211,0,22.0,0,2,60,49.5,24,0,1
515,3,133,1,24.0,0,0,299,7.4958,124,2,0
57,2,573,0,21.0,0,0,464,10.5,124,2,1
632,3,399,1,51.0,0,0,291,7.0542,124,2,0
601,2,313,0,24.0,2,1,120,27.0,124,2,1
192,2,107,1,19.0,0,0,193,13.0,124,2,0
113,3,50,1,22.0,0,0,238,8.05,124,2,0
171,1,669,1,61.0,0,0,4,33.5,17,2,0
465,3,405,1,28.5,0,0,448,8.05,124,2,0
688,3,153,1,19.0,0,0,312,10.1708,124,2,0
96,3,599,1,28.5,0,0,392,8.05,124,2,0
290,3,140,0,22.0,0,0,385,7.75,124,1,1
509,3,487,1,28.0,0,0,451,22.525,124,2,0
775,2,293,0,54.0,1,3,202,23.0,124,2,1
762,3,471,1,41.0,0,0,542,7.125,124,2,0
58,3,475,1,28.5,0,0,182,7.2292,124,0,0
421,3,222,1,28.5,0,0,330,7.8958,124,0,0
862,2,224,1,21.0,1,0,187,11.5,124,2,0
671,2,92,0,40.0,1,1,206,39.0,124,2,1
266,2,543,1,36.0,0,0,455,10.5,124,2,0
54,2,196,0,29.0,1,0,205,26.0,124,2,1
831,3,702,0,15.0,1,0,160,14.4542,124,0,1
526,3,194,1,40.5,0,0,373,7.75,124,1,0
511,3,154,1,29.0,0,0,394,7.75,124,1,1
507,2,539,0,33.0,0,2,153,26.0,124,2,1
373,3,58,1,19.0,0,0,237,8.05,124,2,0
813,2,618,1,35.0,0,0,188,10.5,124,2,0
312,1,576,0,18.0,2,2,505,262.375,31,0,1
50,3,25,0,18.0,1,0,316,17.8,124,2,0
603,1,266,1,28.5,0,0,36,42.4,124,2,0
630,3,481,1,28.5,0,0,248,7.7333,124,1,0
590,3,451,1,28.5,0,0,425,8.05,124,2,0
103,1,688,1,21.0,0,1,352,77.2875,85,2,0
654,3,484,0,28.5,0,0,240,7.8292,124,1,1
582,1,652,0,39.0,1,1,68,110.8833,63,0,1
641,3,318,1,20.0,0,0,344,7.8542,124,2,0
488,1,349,1,58.0,0,0,48,29.7,23,0,0
600,1,182,1,49.0,1,0,488,56.9292,4,0,1
449,3,39,0,5.0,2,1,166,19.2583,124,0,1
559,1,649,0,39.0,1,1,1,79.65,114,2,1
501,3,104,1,17.0,0,0,226,8.6625,124,2,0
55,1,496,1,65.0,0,1,26,61.9792,21,0,0
335,1,210,0,28.5,1,0,508,133.65,124,2,1
307,1,198,0,28.5,0,0,68,110.8833,124,0,1
38,3,106,1,21.0,0,0,424,8.05,124,2,0
868,1,563,1,31.0,0,0,494,50.4958,6,2,0
580,3,337,1,32.0,0,0,553,7.925,124,2,1
796,2,497,1,39.0,0,0,189,13.0,124,2,0
13,3,592,1,20.0,0,0,445,8.05,124,2,0
22,2,63,1,34.0,0,0,128,13.0,93,2,1
663,1,136,1,47.0,0,0,409,25.5875,112,2,0
513,1,422,1,36.0,0,0,482,26.2875,102,2,1
625,3,82,1,21.0,0,0,408,16.1,124,2,0
455,3,518,1,28.5,0,0,438,8.05,124,2,0
336,3,165,1,28.5,0,0,310,7.8958,124,2,0
535,3,97,0,30.0,0,0,225,8.6625,124,2,0
77,3,631,1,28.5,0,0,298,7.8958,124,2,0
523,3,362,1,28.5,0,0,146,7.225,124,0,0
104,3,324,1,33.0,0,0,417,8.6542,124,2,0
310,1,208,0,30.0,0,0,488,56.9292,105,0,1
184,2,59,1,1.0,2,1,97,39.0,123,2,1
405,3,493,0,20.0,0,0,231,8.6625,124,2,0
417,2,179,0,34.0,1,1,190,32.5,124,2,1
340,1,74,1,45.0,0,0,32,35.5,125,2,0
328,2,44,0,36.0,0,0,195,13.0,77,2,1
529,3,588,1,39.0,0,0,216,7.925,124,2,0
623,3,456,1,20.0,1,1,159,15.7417,124,0,1
844,3,378,1,34.5,0,0,176,6.4375,124,0,0
201,3,670,1,28.0,0,0,261,9.5,124,2,0
302,3,420,1,28.5,2,0,368,23.25,124,1,1
305,3,697,1,28.5,0,0,437,8.05,124,2,0
420,3,667,0,10.0,0,2,262,24.15,124,2,0
853,3,77,0,9.0,1,1,174,15.2458,124,0,0
102,3,531,1,28.5,0,0,304,7.8958,124,2,0
228,3,397,1,20.5,0,0,435,7.25,124,2,0
670,1,650,0,28.5,1,0,83,52.0,49,2,1
326,1,703,0,36.0,0,0,515,135.6333,54,0,1
838,3,607,1,28.5,0,0,399,8.05,124,2,0
649,3,695,1,28.5,0,0,522,7.55,124,2,0
726,3,494,1,20.0,0,0,230,8.6625,124,2,0
883,3,152,0,22.0,0,0,419,10.5167,124,2,0
809,2,430,1,39.0,0,0,130,13.0,124,2,0
504,3,364,0,37.0,0,0,403,9.5875,124,2,0
755,2,284,0,48.0,1,2,89,65.0,124,2,1
659,2,185,1,23.0,0,0,207,13.0,124,2,0
728,3,409,0,28.5,0,0,377,7.7375,124,1,1
673,2,435,1,70.0,0,0,459,10.5,124,2,0
658,3,81,0,32.0,1,1,364,15.5,124,1,0
747,3,1,1,16.0,1,1,460,20.25,124,2,0
73,2,301,1,21.0,0,0,523,73.5,124,2,0
471,3,345,1,28.5,0,0,236,7.25,124,2,0
150,2,95,1,42.0,0,0,124,13.0,124,2,0
500,3,645,1,24.0,0,0,339,7.7958,124,2,0
142,3,477,0,22.0,0,0,281,7.75,124,2,1
662,3,41,1,40.0,0,0,145,7.225,124,0,0
306,1,10,1,0.92,1,2,31,151.55,52,2,1
286,3,632,1,33.0,0,0,317,8.6625,124,0,0
676,3,184,1,18.0,0,0,335,7.775,124,2,0
170,3,391,1,28.0,0,0,65,56.4958,124,2,0
595,2,120,1,37.0,1,0,526,26.0,124,2,0
778,3,189,0,5.0,0,0,363,12.475,124,2,1
781,3,35,0,13.0,0,0,179,7.2292,124,0,1
552,2,596,1,27.0,0,0,125,26.0,124,2,0
358,2,214,0,38.0,0,0,110,13.0,124,2,0
846,3,0,1,42.0,0,0,472,7.55,124,2,0
349,3,144,1,3.0,1,1,471,15.9,124,2,1
400,2,659,0,28.0,0,0,118,12.65,124,2,1
300,1,54,0,50.0,0,1,489,247.5208,32,0,1
858,1,155,1,51.0,0,0,20,26.55,100,2,1
860,3,541,1,28.5,0,0,151,7.2292,124,0,0
291,1,48,0,26.0,0,0,76,78.85,124,2,1
651,3,436,1,28.5,0,0,307,7.8958,124,2,0
711,1,416,0,24.0,0,0,486,49.5042,71,0,1
622,1,353,1,42.0,1,0,44,52.5542,82,2,1
708,1,100,1,42.0,0,0,484,26.2875,101,2,1
385,3,536,1,28.5,0,0,311,7.8958,124,2,0
451,2,685,1,36.0,1,2,470,27.75,124,2,0
137,1,466,0,19.0,0,2,43,26.2833,91,2,1
864,3,583,0,28.5,8,2,476,69.55,124,2,0
457,1,432,1,65.0,0,0,59,26.55,106,2,0
23,3,424,0,15.0,0,0,241,8.0292,124,1,1
20,3,414,0,28.5,0,0,156,7.225,124,0,1
790,1,246,1,46.0,0,0,495,79.2,38,0,0
84,1,110,1,28.0,0,0,22,47.1,124,2,0
260,2,511,0,50.0,0,1,98,26.0,124,2,1
292,1,71,0,19.0,1,0,51,91.0792,27,0,1
110,3,440,0,28.5,1,0,389,24.15,124,1,1
371,1,259,1,25.0,1,0,46,55.4417,111,0,1
725,1,117,1,27.0,1,0,40,53.1,117,2,1
487,1,306,0,35.0,1,0,78,90.0,74,2,1
498,3,598,1,28.5,0,0,473,15.1,124,2,0
700,3,307,1,42.0,0,0,292,7.65,119,2,0
43,3,360,1,28.5,0,0,329,7.8958,124,0,0
458,1,350,0,28.5,1,0,71,51.8625,84,2,1
211,3,8,1,24.0,0,0,539,7.05,124,2,0
128,3,403,1,24.0,0,0,450,7.1417,124,2,1
619,2,60,0,4.0,2,1,97,39.0,123,2,1
444,2,547,0,28.0,0,0,99,13.0,124,2,1
386,2,160,1,18.0,0,0,523,73.5,124,2,0
9,3,330,0,27.0,0,2,290,11.1333,124,2,1
767,1,88,1,28.5,0,0,17,39.6,124,0,0
684,3,238,1,14.0,5,2,474,46.9,124,2,0
875,2,3,0,28.0,1,0,480,24.0,124,0,1
226,3,65,1,22.0,0,0,517,9.35,124,2,0
249,1,61,1,37.0,1,1,42,52.5542,88,2,1
593,3,188,1,47.0,0,0,442,7.25,124,2,0
761,3,218,1,28.5,0,0,355,14.5,124,2,0
343,2,135,1,28.0,0,0,135,13.0,124,2,0
596,3,668,1,36.0,1,1,262,24.15,124,2,0
763,3,45,1,20.0,0,0,163,7.2292,124,0,1
16,2,285,0,55.0,0,0,129,16.0,124,2,1
230,3,376,0,28.5,3,1,401,25.4667,124,2,0
244,3,404,1,22.0,0,0,550,7.125,124,2,0
773,2,401,0,57.0,0,0,521,10.5,116,2,0
478,3,86,1,29.0,1,0,268,7.0458,124,2,0
70,3,354,1,26.0,2,0,234,8.6625,124,2,0
564,3,603,1,28.5,0,0,546,8.05,124,2,0
578,1,602,0,39.0,1,0,58,55.9,108,2,1
520,3,516,1,32.0,0,0,319,7.8958,124,2,0
80,3,176,0,30.0,0,0,363,12.475,124,2,1
739,3,311,1,28.5,0,0,294,7.8958,124,2,0
787,3,610,0,18.0,0,0,209,7.4958,124,2,1
616,2,283,0,24.0,1,2,89,65.0,124,2,1
11,3,590,0,4.0,1,1,518,16.7,124,2,1
377,3,366,0,22.0,0,0,454,7.25,124,2,1
29,3,483,0,28.5,0,0,245,7.8792,124,1,1
399,2,499,1,23.0,0,0,123,10.5,124,2,0
689,3,197,1,18.0,0,0,340,7.7958,124,2,0
271,1,99,1,28.5,0,0,37,31.0,124,2,0
882,3,412,1,33.0,0,0,332,7.8958,124,2,0
238,2,137,0,8.0,0,2,465,26.25,124,2,1
1,3,87,1,22.0,1,0,433,7.25,124,2,0
573,1,200,1,36.0,0,0,483,26.3875,102,2,1
667,2,94,1,25.0,0,0,104,13.0,124,2,0
284,3,174,1,19.0,0,0,443,8.05,124,2,1
889,3,331,0,28.5,1,2,565,23.45,124,2,0
391,1,111,1,36.0,1,2,27,120.0,41,2,1
530,2,292,1,23.0,2,1,201,11.5,124,2,0
568,3,503,0,29.0,0,4,333,21.075,124,2,0
173,3,326,0,1.0,1,1,290,11.1333,124,2,1
848,3,411,1,35.0,0,0,302,7.8958,124,0,0
118,2,664,1,29.0,1,0,41,21.0,124,2,0
237,2,296,1,44.0,1,0,170,26.0,124,2,0
742,1,115,1,36.0,1,0,76,78.85,56,2,0
602,3,617,1,28.5,0,0,303,7.8958,124,2,0
826,3,199,1,28.5,0,0,375,6.95,124,1,0
392,3,314,1,21.0,0,0,338,7.7958,124,2,1
283,3,708,1,16.0,0,0,264,9.5,124,2,0
721,2,262,0,6.0,0,1,131,33.0,124,2,1
430,3,534,1,32.0,0,0,541,8.05,96,2,1
823,1,546,1,38.0,0,0,81,0.0,124,2,0
313,2,363,0,26.0,1,1,142,26.0,124,2,0
497,1,192,0,54.0,1,0,379,78.2667,83,0,1
186,1,567,1,28.5,0,0,28,50.0,9,2,0
31,1,666,1,40.0,0,0,501,27.7208,124,0,0
289,2,303,1,42.0,0,0,112,13.0,124,2,1
282,3,491,1,28.0,0,0,287,7.8542,124,2,0
4,1,215,0,35.0,1,0,39,53.1,46,2,1
372,3,693,1,18.0,1,0,210,6.4958,124,2,0
835,3,12,1,18.0,0,0,90,8.3,124,2,0
183,3,28,1,9.0,4,2,279,31.3875,124,2,0
190,3,661,1,36.0,0,0,324,7.8958,124,2,0
643,3,614,0,2.0,3,2,286,27.9,124,2,0
885,3,643,1,25.0,0,0,545,7.05,124,2,0
583,2,177,1,54.0,0,0,192,26.0,124,2,0
148,3,203,0,9.0,2,2,566,34.375,124,2,0
631,1,49,1,80.0,0,0,185,30.0,5,2,1
610,1,600,0,40.0,0,0,492,153.4625,48,2,1
338,1,93,0,41.0,0,0,66,134.5,107,0,1
317,2,339,0,24.0,1,0,127,26.0,124,2,1
81,3,676,1,22.0,0,0,260,9.0,124,2,0
782,1,168,0,17.0,1,0,74,57.0,18,2,1
168,3,616,0,45.0,1,4,286,27.9,124,2,0
132,3,130,1,20.0,0,0,537,7.05,124,2,0
592,1,635,0,52.0,1,0,379,78.2667,83,0,1
364,3,27,1,35.0,0,0,538,7.05,124,2,0
799,3,308,1,30.0,0,0,177,7.2292,124,0,0
49,3,589,1,28.5,2,0,162,21.6792,124,0,0
225,1,304,1,38.0,1,0,78,90.0,74,2,1
241,3,706,0,28.5,1,0,165,14.4542,124,0,0
807,1,23,1,39.0,0,0,11,0.0,11,2,0
216,1,464,0,31.0,1,0,351,113.275,89,0,1
479,3,341,1,22.0,0,0,346,7.5208,124,2,0
841,3,7,1,20.0,0,0,543,7.925,124,2,0
709,1,128,0,22.0,0,0,31,151.55,124,2,1
316,3,470,0,26.0,0,0,289,7.8542,124,2,1
876,3,454,0,15.0,0,0,167,7.225,124,0,1
207,3,36,1,32.0,1,0,213,15.85,124,2,0
258,1,122,0,30.0,0,0,0,86.5,35,2,1
99,2,172,0,34.0,0,1,100,23.0,124,2,1
574,3,346,0,28.5,0,0,62,7.75,124,1,1
789,3,163,1,1.0,1,2,457,20.575,124,2,1
563,2,473,1,28.0,0,0,86,13.5,124,2,0
521,1,524,0,30.0,0,0,53,93.5,34,2,1
213,3,522,1,22.0,0,0,436,7.25,124,2,0
437,3,202,0,21.0,2,2,566,34.375,124,2,0
293,2,384,1,36.0,0,0,534,12.875,77,0,0
562,3,608,1,40.0,0,0,327,7.8958,124,2,0
828,2,406,1,1.0,0,2,520,37.0042,124,0,1
189,3,80,1,40.0,1,1,364,15.5,124,1,0
101,3,529,0,28.0,0,0,322,7.8958,124,2,0
347,2,621,0,40.0,0,0,223,13.0,124,2,1
698,3,450,0,28.5,0,0,354,7.7333,124,1,1
322,3,158,1,27.0,0,0,306,7.8958,124,2,0
311,1,275,0,24.0,0,0,47,83.1583,60,0,1
59,2,684,0,5.0,1,2,470,27.75,124,2,1
203,3,322,1,34.0,0,0,208,6.4958,124,2,0
394,1,465,0,23.0,1,0,351,113.275,89,0,1
117,3,141,1,70.5,0,0,383,7.75,124,1,0
69,3,18,0,17.0,4,2,214,7.925,124,2,1
330,1,289,0,16.0,0,1,6,57.9792,16,0,1
68,3,146,1,19.0,0,0,525,8.1583,124,2,0
786,3,261,1,25.0,0,0,391,7.25,124,2,0
499,1,11,0,25.0,1,2,31,151.55,52,2,0
36,1,298,1,42.0,1,0,34,52.0,124,2,0
174,3,609,1,21.0,0,0,551,7.925,124,2,0
224,3,463,1,28.5,0,0,315,7.8958,124,2,0
278,2,509,1,28.5,0,0,113,0.0,124,2,0
690,1,402,0,15.0,0,1,119,211.3375,28,2,1
130,3,186,1,45.0,0,0,271,6.975,124,2,0
452,3,251,1,28.5,1,0,410,19.9667,124,2,0
268,3,525,1,25.0,1,0,283,7.775,124,2,1
873,1,108,1,33.0,0,0,414,5.0,30,2,0
636,2,161,0,28.0,0,0,109,13.0,124,2,1
666,2,287,1,32.0,2,0,523,73.5,124,2,0
890,1,64,1,26.0,0,0,7,30.0,50,0,1
105,3,248,1,37.0,2,0,211,7.925,124,2,0
178,1,310,0,50.0,0,0,496,28.7125,58,0,0
545,1,175,1,50.0,1,0,516,106.425,70,0,0
681,3,528,0,28.5,0,0,243,8.1375,124,1,0
477,2,545,1,34.0,1,0,218,21.0,124,2,0
360,3,437,0,28.5,0,0,247,7.8792,124,1,1
259,1,677,0,35.0,0,0,510,512.3292,124,0,1
737,3,205,0,48.0,1,3,566,34.375,124,2,0
463,1,221,1,47.0,0,0,5,38.5,113,2,0
508,1,85,1,28.5,0,0,9,26.55,124,2,1
